1,1.0,0.9728291993188809,0.9375229342869449,0.7604548382957954,0.49943535716059584,nan,nan,nan,nan,nan
4,0.9999999999999999,0.866950706865512,0.5658315370930013,0.33081503967278436,0.2898869304144174,nan,nan,nan,nan,nan
7,1.0000000000000004,0.8063231995338849,0.840874385837604,0.8562237268312098,0.6820499189754285,nan,nan,nan,nan,nan
8,0.9999999999999997,0.7480734926249256,0.6685181213039673,0.6103105853991759,0.6201237296703885,nan,nan,nan,nan,nan
9,1.0,,,,,nan,nan,nan,nan,nan
10,1.0000000000000002,0.833159322459988,0.7703170087548782,0.6936341934542478,0.48348472382782665,nan,nan,nan,nan,nan
11,1.0000000000000004,0.9379130999940061,0.9105265807217693,0.7662363175392691,0.5850083523593256,nan,nan,nan,nan,nan
12,1.0000000000000004,0.9454824232571015,0.9051617603289395,0.723998495204663,0.681676305890333,nan,nan,nan,nan,nan
14,1.0000000000000004,0.9725400619357765,0.7668249948702095,0.7008593906293337,0.6222338497971189,nan,nan,nan,nan,nan
15,1.0000000000000004,0.8282089711146184,0.7666796214143929,0.8596112527535582,0.7568197587180171,nan,nan,nan,nan,nan
22,1.0,0.9697131270515278,0.9697131270515278,0.8813442603061573,0.6775793223388966,nan,nan,nan,nan,nan
23,1.0,0.9181537789578311,0.8801736667240463,0.9275864485923068,0.8413794614126191,nan,nan,nan,nan,nan
25,1.0,0.9397690774084071,0.8959470624177119,0.9300074566801095,0.42595945517802025,nan,nan,nan,nan,nan
26,0.9999999999999998,0.9217490660416665,0.26969127421727357,0.20335746300715682,0.2969366305172241,nan,nan,nan,nan,nan
29,1.0,0.9472588241455946,0.8397440470174746,0.7444436611444891,0.7956923613475955,nan,nan,nan,nan,nan
32,1.0,0.9570705274785537,0.8200066038367169,0.8744966210090903,0.522413259607394,nan,nan,nan,nan,nan
34,0.9999999999999999,0.8698432577912651,0.8698432577912651,0.7057734196370609,0.5204101565830888,nan,nan,nan,nan,nan
40,0.9999999999999998,0.9385277349724057,0.9128128576338841,0.8245150744976183,0.6061000605920872,nan,nan,nan,nan,nan
42,1.0000000000000002,0.9438066768703752,0.8316949999458078,0.7031471162160541,0.6904852837558723,nan,nan,nan,nan,nan
44,0.9999999999999998,0.9095978278314393,0.879792694788159,0.9046693261233938,0.5692776693277982,nan,nan,nan,nan,nan
50,1.0000000000000002,0.9505470821265378,0.8950204785324944,0.8590124306540127,0.8243215315671775,nan,nan,nan,nan,nan
51,1.0,0.9669777775278176,0.9383604362819253,0.895775777842041,0.7003622500015163,nan,nan,nan,nan,nan
56,0.9999999999999999,0.8550861815076125,0.6860675419569251,0.7031816630719334,0.6261605743510863,nan,nan,nan,nan,nan
60,1.0000000000000004,0.9693750979281317,0.9537081590558735,0.8815525834808462,0.7267435992026879,nan,nan,nan,nan,nan
61,1.0,0.7824802971794718,0.7018303538899503,0.556501707597251,0.48851101282177256,nan,nan,nan,nan,nan
63,1.0,0.929951935086662,0.9379004143009756,0.5306751378932353,0.518453918357445,nan,nan,nan,nan,nan
64,1.0000000000000002,0.9430348069236532,0.6753006463886431,,0.6649037973714813,nan,nan,nan,nan,nan
66,1.0000000000000002,0.9454039432771115,0.7080723978414889,0.7618657977939783,0.7837452631063428,nan,nan,nan,nan,nan
75,0.9999999999999999,0.9504917594821719,0.9314444773078785,0.688087857382301,0.6555040122819848,nan,nan,nan,nan,nan
78,1.0,0.9712194579638056,0.9761193675345234,0.9430753377028791,0.6693011029793798,nan,nan,nan,nan,nan
83,1.0,0.9273689701641679,0.9253122791730297,0.7781358307803068,0.6194474124684548,nan,nan,nan,nan,nan
84,1.0,0.9267939369966445,0.7826781108419545,0.7877279874114657,0.4795415974347197,nan,nan,nan,nan,nan
91,0.9999999999999999,0.9114817683906647,0.7553957308580053,0.7207169045818578,0.665709414362507,nan,nan,nan,nan,nan
92,1.0,0.8016293293874628,0.8382180313767157,0.8046405531653533,0.5982314466877516,nan,nan,nan,nan,nan
93,1.0000000000000004,0.9727399141106747,0.9310580744682309,0.6043953691881032,0.4953283531020525,nan,nan,nan,nan,nan
97,1.0000000000000002,0.9778046082031946,0.8619320043926624,0.7064443996336027,0.7510519000595461,nan,nan,nan,nan,nan
99,0.9999999999999998,0.9536847954422605,0.9625628955722779,0.6055619549577603,0.5137012538782726,nan,nan,nan,nan,nan
102,1.0,0.8969961264960365,0.6099880616878179,0.5982642910305156,0.4840507160834905,nan,nan,nan,nan,nan
104,0.9999999999999999,0.9248499495906102,0.8603295465553445,0.7135348440059188,0.5442544393227979,nan,nan,nan,nan,nan
105,1.0000000000000002,0.7576195948485778,0.6456692043407402,0.9345407579292944,0.3163346377039694,nan,nan,nan,nan,nan
107,1.0,0.8616046478715427,0.41569712522504837,0.38056152319679704,0.3290895660906999,nan,nan,nan,nan,nan
111,0.9999999999999997,0.8643479524995469,0.6214233499926278,0.5475325675743248,0.29632190677890136,nan,nan,nan,nan,nan
116,1.0,0.9394441750612367,0.7521385887281833,0.8476651554465789,0.36423088036671303,nan,nan,nan,nan,nan
117,0.9999999999999999,0.9067207228593879,0.8658273052748624,0.6897887855394399,0.5218248703022261,nan,nan,nan,nan,nan
123,0.9999999999999999,0.8903509670573282,0.9228996081785247,0.6192472336686243,0.7067629176393371,nan,nan,nan,nan,nan
130,1.0000000000000002,0.8804441245284107,0.6792560822902963,0.6849280532194997,0.5746263118438907,nan,nan,nan,nan,nan
131,1.0000000000000002,0.9624835464876735,0.9419440745820677,0.9208531768360321,0.7369831011488881,nan,nan,nan,nan,nan
133,1.0,0.9096181240520631,0.872511210820711,0.5939665344805126,0.4482868562795015,nan,nan,nan,nan,nan
138,1.0,0.8877546700142696,0.40985314256214667,0.6167285035075329,0.5536085913117759,nan,nan,nan,nan,nan
141,1.0,0.8652013726794521,0.9005150195055751,0.8474832567747059,0.8260017288703065,nan,nan,nan,nan,nan
142,1.0000000000000002,0.924819048553553,0.6279268545309153,0.6782510631070109,0.5140900907219501,nan,nan,nan,nan,nan
143,0.9999999999999999,0.931838691864503,0.5604391809062819,0.657167695046562,0.510626121000139,nan,nan,nan,nan,nan
144,1.0,0.6576007106599027,0.588516839100504,0.6605917963861692,0.40865756435733724,nan,nan,nan,nan,nan
145,0.9999999999999999,0.9466579084326447,0.9448591009638995,0.9644478317503973,0.5798657183180562,nan,nan,nan,nan,nan
146,0.9999999999999996,,,,,nan,nan,nan,nan,nan
147,0.9999999999999999,0.934648675365682,0.8380725264354423,0.8174572776245647,0.6311968614095862,nan,nan,nan,nan,nan
150,1.0,0.9396995078635095,0.7342761778848399,0.7406385600520788,0.5181908762743257,nan,nan,nan,nan,nan
153,1.0,0.9202740483776131,0.8778458151098649,0.7362341507982839,0.687853573240935,nan,nan,nan,nan,nan
157,0.9999999999999998,0.9430137079063218,0.7116988263688815,0.40846455137292403,0.3910598273652781,nan,nan,nan,nan,nan
159,1.0,0.8955222074257855,0.964232491630979,0.8829870953522876,0.8833615904407977,nan,nan,nan,nan,nan
161,1.0,0.8510815001345264,0.7526368278600637,0.6373099236102272,0.5902374537963279,nan,nan,nan,nan,nan
162,1.0000000000000002,0.8913092831392102,0.6299817861353632,0.6959657093112046,0.6174375098125757,nan,nan,nan,nan,nan
166,1.0,0.9595788227308494,0.9681373717156705,0.784124463924109,0.6806864991368291,nan,nan,nan,nan,nan
168,1.0,0.9663989875865313,0.9373950719662719,0.8159563032394219,0.7998099156626117,nan,nan,nan,nan,nan
169,1.0000000000000002,0.8906597552452205,0.901538051408892,0.8908800377264664,0.6412563778428699,nan,nan,nan,nan,nan
170,1.0,0.9656062811084243,0.8227217421605713,0.8462243614315886,0.8258780858288867,nan,nan,nan,nan,nan
175,1.0,0.9307934593152518,0.9744586272725595,0.9572839838011062,0.598311605207726,nan,nan,nan,nan,nan
176,1.0,0.9599555804149051,0.9812115014309895,0.9516436109744585,0.6222395458886337,nan,nan,nan,nan,nan
179,1.0,0.9242176027950721,0.8960930286275084,0.7531656173737563,0.5231702170176048,nan,nan,nan,nan,nan
180,1.0000000000000002,0.96468077054019,0.8614859970043041,0.7353270060813167,0.7106620574727522,nan,nan,nan,nan,nan
182,1.0,0.977906733490598,0.5915776742966831,0.7372742260437128,0.5729535177884583,nan,nan,nan,nan,nan
185,1.0,0.8854912811883402,0.9001919766646274,0.8028243810946205,0.5721536006322436,nan,nan,nan,nan,nan
188,1.0,0.7351055255904788,0.7793054165310256,0.7177956644248261,0.5068092651783529,nan,nan,nan,nan,nan
191,0.9999999999999999,0.9433117642668658,0.6172145790603398,0.644957211949185,0.2829840081577395,nan,nan,nan,nan,nan
194,1.0000000000000004,0.9682371245052401,0.8983203397041502,0.638265648847824,0.607200833432932,nan,nan,nan,nan,nan
195,1.0,0.9657655794937571,0.858816231437265,0.6188050419969409,0.421050619692627,nan,nan,nan,nan,nan
197,0.9999999999999998,,,,,nan,nan,nan,nan,nan
201,0.9999999999999998,0.9013310248888624,0.8748830842604363,0.8291160599348137,0.5839441808628669,nan,nan,nan,nan,nan
204,1.0000000000000002,0.9598313387342903,0.7980214820626755,0.8637684289336545,0.7148569147082674,nan,nan,nan,nan,nan
206,1.0000000000000002,0.920973615355434,0.9284417024459618,0.8254560090644611,0.73268030152788,nan,nan,nan,nan,nan
210,1.0,0.8795399373243141,0.7525917935973596,0.6611765643791436,0.5737248509647914,nan,nan,nan,nan,nan
211,1.0,0.5871988406556148,0.4456667273313673,0.2677748386157532,0.4672070434901725,nan,nan,nan,nan,nan
215,1.0000000000000002,0.9350870641302904,0.4773714901379992,0.5332852889640762,0.45750138973491145,nan,nan,nan,nan,nan
216,0.9999999999999999,0.9660681309705397,0.8879995674556819,0.8224336309299389,0.6980413806799457,nan,nan,nan,nan,nan
219,1.0,0.9457280092383566,0.869875235486917,0.8584436434132829,0.541482182237656,nan,nan,nan,nan,nan
220,0.9999999999999999,0.932100960422258,0.8591785660097453,0.8112554478849051,0.6171127370209719,nan,nan,nan,nan,nan
225,1.0,0.9705510448882867,0.9312484898168434,0.8635150576636375,0.6324565709331683,nan,nan,nan,nan,nan
226,1.0,0.9702701401092668,0.8776792030355132,0.7422719925393386,0.657629751723365,nan,nan,nan,nan,nan
227,1.0,0.8287714036051956,0.6533306842256753,0.6930825997777659,0.6460089161806806,nan,nan,nan,nan,nan
233,1.0,0.9125833422597353,0.897002669418923,0.652653941317549,0.5685379285724066,nan,nan,nan,nan,nan
238,0.9999999999999998,0.8888602789097965,0.8521873032482106,0.7018151535998691,0.49246384241212166,nan,nan,nan,nan,nan
239,1.0,0.9150517226570143,0.8747811369075773,0.7637288665410629,0.7692313729606816,nan,nan,nan,nan,nan
247,1.0000000000000002,0.9167718974902114,0.757326245692195,0.6693606823237166,0.6958929651716599,nan,nan,nan,nan,nan
248,1.0000000000000002,0.959825469723518,0.6557702797604702,0.6084417221384052,0.5310281602497913,nan,nan,nan,nan,nan
251,1.0,0.9602282084745891,0.9451911662182808,0.8266242857206201,0.6509335925789981,nan,nan,nan,nan,nan
252,1.0,0.9296956799321543,0.7832844307241522,0.6264992783780854,0.30354368920885083,nan,nan,nan,nan,nan
255,1.0,0.9123413780611134,0.9285152563881025,0.7345665999545126,0.6270679119883157,nan,nan,nan,nan,nan
256,0.9999999999999998,0.9539545507551135,0.9521724106008465,0.7825424223050611,0.3755571778979671,nan,nan,nan,nan,nan
257,0.9999999999999998,0.923318604614185,0.8838148049407715,0.7186431996473717,0.5226459567052707,nan,nan,nan,nan,nan
258,1.0,0.9551199555954661,0.8833058947048591,0.5660241775152901,0.49169972330939676,nan,nan,nan,nan,nan
262,0.9999999999999998,0.908202811602319,0.8746156807937016,0.6522769646054738,0.4694862230926229,nan,nan,nan,nan,nan
267,1.0,0.9379031134195828,0.7017715561888269,0.766103957885351,0.6563106215059433,nan,nan,nan,nan,nan
270,1.0000000000000002,0.7449371818133261,0.548071083079855,0.4159773859250797,0.31578897502466974,nan,nan,nan,nan,nan
272,1.0,0.943579258371458,0.9319012385098294,0.6800005353765682,0.7421935262901659,nan,nan,nan,nan,nan
274,1.0000000000000002,0.973563006358322,0.9578080031756366,0.8036103919106732,0.778020137624905,nan,nan,nan,nan,nan
276,1.0,0.97714554974463,0.866374332931663,0.7830020185947899,0.7244394465453704,nan,nan,nan,nan,nan
282,0.9999999999999998,0.7538661210531987,0.6501168536552171,0.792816745305741,0.6855342858617987,nan,nan,nan,nan,nan
286,0.9999999999999997,0.9144597103618801,0.7056297002364484,0.6548929294302629,0.6814893402062443,nan,nan,nan,nan,nan
290,0.9999999999999998,0.9501599332827273,0.9061321831028233,0.5184908094809829,0.4688538114979654,nan,nan,nan,nan,nan
292,1.0,0.9656768047007769,0.93601459986647,0.8417191359843746,0.881841362642078,nan,nan,nan,nan,nan
294,0.9999999999999996,0.983742053851622,0.6592849882411285,0.600207658522788,0.6993586332179891,nan,nan,nan,nan,nan
296,1.0,0.9438190793537156,0.8583257181468666,0.6973331245619935,0.533856587870903,nan,nan,nan,nan,nan
300,0.9999999999999998,0.9077011274992203,0.9030870321777553,0.6497957683027586,0.6530676680662564,nan,nan,nan,nan,nan
301,1.0,0.875247122211289,0.8467322036127252,0.8250171289970426,0.6299701000453237,nan,nan,nan,nan,nan
303,1.0,0.8634940521716024,0.5681791048845959,0.8334283101644051,0.4086249556982799,nan,nan,nan,nan,nan
307,1.0,0.9547096629029181,0.9643726146915437,0.7585743281090644,0.5498816064552359,nan,nan,nan,nan,nan
308,0.9999999999999998,0.9373113833189193,0.9373113833189193,0.7366345760789912,0.6321623519127022,nan,nan,nan,nan,nan
309,1.0000000000000002,,,,0.5051147805171594,nan,nan,nan,nan,nan
310,1.0,0.958776927613926,0.7855577889045807,0.59853429262356,0.6105827339511016,nan,nan,nan,nan,nan
312,0.9999999999999998,0.9164571221012354,0.7933385576745513,0.7835123613637905,0.6051959585445822,nan,nan,nan,nan,nan
314,1.0,0.9655684555610485,0.8464217013585769,0.8015856040224861,0.6688900123704523,nan,nan,nan,nan,nan
315,1.0,0.9677530630968407,0.6229368040239545,0.9239055830853629,0.6010260352313339,nan,nan,nan,nan,nan
318,1.0000000000000002,0.9454962800004205,0.9395676963123294,0.6024602141326323,0.4963146696300531,nan,nan,nan,nan,nan
322,1.0000000000000002,0.9391985489291155,0.8514965181830065,0.7447257337583396,0.6144147863892846,nan,nan,nan,nan,nan
323,0.9999999999999999,0.9550354683330108,0.9453225447187248,0.9020766438873076,0.6571009386069963,nan,nan,nan,nan,nan
324,1.0000000000000002,,,,,nan,nan,nan,nan,nan
326,1.0000000000000002,0.9555171709728547,0.8749799234197774,0.8327307669388837,0.7272037516479686,nan,nan,nan,nan,nan
328,1.0,0.9387139698206741,0.8685058666141534,0.587682872473034,0.7306882836727449,nan,nan,nan,nan,nan
329,0.9999999999999997,0.9317086024585273,0.5130214906579991,0.6474253288766649,0.5220052455111079,nan,nan,nan,nan,nan
333,1.0000000000000004,0.9396287000245593,0.9616120076529209,0.7682466811677718,0.5049360163834041,nan,nan,nan,nan,nan
336,1.0,0.9030287469505327,0.955333578183269,0.7192639607860483,0.7832249959847728,nan,nan,nan,nan,nan
342,0.9999999999999999,0.9309411958866198,0.6673837855221842,0.623859932469663,0.601653110931015,nan,nan,nan,nan,nan
343,1.0,0.8264455181002993,0.8594685777065036,0.7144828874351845,0.4928294911850648,nan,nan,nan,nan,nan
344,0.9999999999999999,0.8148220852030829,0.878362890126433,0.8649354449472335,0.7453282027719221,nan,nan,nan,nan,nan
345,0.9999999999999996,0.9303832362548617,0.872745675678963,0.828939865479758,0.639416873896526,nan,nan,nan,nan,nan
347,1.0,0.9347615631434089,0.8464992434499834,0.8938578387335168,0.5297152633491785,nan,nan,nan,nan,nan
348,1.0,0.8605143812847289,0.8963670092821179,0.5358988645065375,0.49108141777129555,nan,nan,nan,nan,nan
352,1.0,0.9683253809055807,0.8152616102029858,0.6904909460137016,0.6558368666476819,nan,nan,nan,nan,nan
353,1.0,0.9448156314757872,0.9110723620503586,0.8407508065283993,0.5181114126056587,nan,nan,nan,nan,nan
355,1.0,0.957994787231918,0.8565590627355093,0.8353918405087379,0.5603040382633385,nan,nan,nan,nan,nan
358,1.0,0.9092228033653846,0.8527707887332078,0.6353189354997555,0.7137730931672899,nan,nan,nan,nan,nan
361,0.9999999999999996,0.9816822291563555,0.9520634403377908,0.8549686504246672,0.7903267915774406,nan,nan,nan,nan,nan
365,1.0,0.6967555300694992,0.816871108926026,0.5765112041949865,0.6015620111927884,nan,nan,nan,nan,nan
367,1.0000000000000002,0.9275101427584618,0.9268567292977464,0.7870269440295468,0.6295705648649288,nan,nan,nan,nan,nan
368,1.0000000000000002,0.9697716711191461,0.8389990823388584,0.7813949738790034,0.59846523269835,nan,nan,nan,nan,nan
377,0.9999999999999999,0.9619645130983461,0.9463896815017808,0.8277333283129873,0.43443709887790044,nan,nan,nan,nan,nan
381,1.0,0.9598977027502513,0.9020744377666399,0.5713420077062009,0.4852018451727041,nan,nan,nan,nan,nan
383,1.0000000000000002,0.8841871417278744,0.9002233110874005,0.9012900457282007,0.6308458006493667,nan,nan,nan,nan,nan
386,1.0,,,,,nan,nan,nan,nan,nan
389,0.9999999999999996,0.9314533167682626,0.9485199536487932,0.7812967671223814,0.581043448182148,nan,nan,nan,nan,nan
390,0.9999999999999999,0.9366208117275823,0.88983618178426,0.8043614321116315,0.5062555306992935,nan,nan,nan,nan,nan
391,1.0000000000000002,0.9681681629758381,0.6738036947985255,0.7624874881556487,0.5264257768159253,nan,nan,nan,nan,nan
394,1.0,0.9516248582112904,0.9134828104380592,0.3992757430484569,0.5337744722565232,nan,nan,nan,nan,nan
395,1.0,0.9449516428353881,0.8490982323570869,0.729905828618808,0.6576100636469013,nan,nan,nan,nan,nan
396,1.0000000000000002,0.946528099669314,0.7537011314181632,0.7568677505633982,0.48540473871208256,nan,nan,nan,nan,nan
398,0.9999999999999998,0.7296405167663309,0.6438141232344192,0.765106084503679,0.5703036553302503,nan,nan,nan,nan,nan
399,1.0,0.98769127126378,0.9549436357149317,0.846915926863404,0.7748049945385203,nan,nan,nan,nan,nan
400,1.0,0.9249626855537425,0.8836448893954447,0.9056573830823902,0.628824470544725,nan,nan,nan,nan,nan
402,1.0,0.9622138653880852,0.9489540978982693,0.8945098135534558,0.7508595100798097,nan,nan,nan,nan,nan
404,1.0,0.5781790647406542,0.5522183980765955,0.47938804999490936,0.38861224524609517,nan,nan,nan,nan,nan
409,1.0,,,,,nan,nan,nan,nan,nan
418,1.0,0.8822270115227921,0.7958353750969887,0.6209329196947355,0.6808383036059538,nan,nan,nan,nan,nan
419,0.9999999999999998,0.9587912774065996,0.65492243051982,0.7137542217495014,0.7153535007535714,nan,nan,nan,nan,nan
420,1.0000000000000002,0.9869123892226827,0.9096971499643195,0.9446195925816048,0.6181907502609753,nan,nan,nan,nan,nan
435,1.0,0.9673302579406982,0.9366578585404148,0.7646245839316467,0.5442599828363892,nan,nan,nan,nan,nan
436,1.0000000000000004,0.9508188357912448,0.6848641608989706,0.6719742358515604,0.5539431079935483,nan,nan,nan,nan,nan
441,1.0,0.9604897819467746,0.8275934108281442,0.48783794151540505,0.6220094404151797,nan,nan,nan,nan,nan
442,1.0000000000000002,0.9531336971614529,0.8985329120617456,0.8126439190438592,0.6569681356048931,nan,nan,nan,nan,nan
445,0.9999999999999998,0.9896296317431057,0.9394256750872463,0.9216917733620789,0.5540853591404624,nan,nan,nan,nan,nan
446,0.9999999999999998,0.799091423121024,0.7537358437633346,0.5645130129066588,0.6780145092173203,nan,nan,nan,nan,nan
447,1.0,0.7957574710716766,0.6146989439570943,0.6047213300068747,0.38997769840803403,nan,nan,nan,nan,nan
450,0.9999999999999999,0.9329780735026224,0.7295655233774545,0.6486097746431652,0.541587667162079,nan,nan,nan,nan,nan
454,1.0,0.769531811989496,0.4650884162706284,0.42548211555848425,0.4155406839394913,nan,nan,nan,nan,nan
455,1.0,0.8901186028284849,0.8929532776950033,0.34847477156408624,0.39988208772424894,nan,nan,nan,nan,nan
462,1.0000000000000002,0.902409229149773,0.9314738738593042,0.7272232822659016,0.7400100973919825,nan,nan,nan,nan,nan
466,0.9999999999999998,0.9570189411415921,0.7776796637780123,0.5959720226341295,0.531498166253368,nan,nan,nan,nan,nan
467,1.0000000000000004,0.9155785038338131,0.9237539448452861,0.5626582734288065,0.5671042390258436,nan,nan,nan,nan,nan
468,1.0,0.9732993256345193,0.936089295988928,0.9260644720049905,0.6952623541187664,nan,nan,nan,nan,nan
473,0.9999999999999997,0.9285998050096835,0.7972862027516829,0.7640032371000378,0.711865963547337,nan,nan,nan,nan,nan
474,0.9999999999999999,0.8288228005559899,0.9402844558601335,0.7870696785921969,0.46929076192686947,nan,nan,nan,nan,nan
475,1.0,0.905924607882217,0.8614190760113704,0.7472414702702541,0.5457591988910948,nan,nan,nan,nan,nan
477,1.0000000000000004,0.9669083419929574,0.8833699976668368,0.626313399531336,0.5168270153517546,nan,nan,nan,nan,nan
480,1.0000000000000004,0.8737542607110083,0.9456316363929449,0.8304518365625824,0.6846945643107352,nan,nan,nan,nan,nan
487,0.9999999999999997,0.9599620160600658,0.9684723769306783,0.8610594771401912,0.6898393207739074,nan,nan,nan,nan,nan
488,1.0,0.8602396192671218,0.9332780901922447,0.7339148735407385,0.555104026327379,nan,nan,nan,nan,nan
490,0.9999999999999999,0.9726868950563837,0.8796914117990866,0.8504431327276682,0.7367325789197837,nan,nan,nan,nan,nan
492,1.0,0.8447750078246234,0.9021489293072769,0.9110378944505124,0.6614800120530998,nan,nan,nan,nan,nan
493,0.9999999999999999,0.8037957646449942,0.8856506896898928,0.6984278244986066,0.5877070973114094,nan,nan,nan,nan,nan
494,1.0,0.8803041336448867,0.5762458257829792,0.4203564072547953,0.2039479555784898,nan,nan,nan,nan,nan
496,0.9999999999999999,0.9215118306705953,0.8351906610751167,0.8527530976632922,0.5737618364474645,nan,nan,nan,nan,nan
498,0.9999999999999998,0.9546072561843041,0.8445280439966317,0.7440885973378006,0.5844553301778836,nan,nan,nan,nan,nan
500,0.9999999999999997,0.5962168004687669,0.5461163509205271,0.6574418503239673,0.4613905441572639,nan,nan,nan,nan,nan
503,0.9999999999999999,0.9317666375948888,0.5830156877828132,0.5698709414382803,0.6207796199870255,nan,nan,nan,nan,nan
505,0.9999999999999998,0.8265849547058539,0.8531658127902573,0.8224544413499164,0.6949201640750178,nan,nan,nan,nan,nan
507,0.9999999999999999,0.94248431810511,0.9229967490478455,0.7745621699266905,0.6766056258479006,nan,nan,nan,nan,nan
508,0.9999999999999998,0.9381342249981408,0.8435256218410452,0.5172016835157867,0.544993788631732,nan,nan,nan,nan,nan
510,0.9999999999999999,0.9249203269247128,0.6636911472387601,0.6868201064727072,0.5606957221157507,nan,nan,nan,nan,nan
511,0.9999999999999996,0.8967859685356567,0.9057237831755709,0.8030494027475306,0.6165329854293748,nan,nan,nan,nan,nan
513,1.0000000000000002,0.8220581798353046,0.810863472062705,0.6022290738771914,0.6569084910506271,nan,nan,nan,nan,nan
526,1.0,0.9421683636657079,0.9350429698302358,0.9248642065981914,0.5624977698988489,nan,nan,nan,nan,nan
529,1.0,0.9561300854682413,0.9561300854682413,0.6771143872381531,0.5107241546953782,nan,nan,nan,nan,nan
531,1.0,0.950537279527421,0.6085507624088348,0.6743410500462602,0.5547615094260296,nan,nan,nan,nan,nan
537,1.0,0.7711736334290608,0.8416526943269151,0.7584909580486789,0.6242618471535365,nan,nan,nan,nan,nan
538,1.0,0.9672910074927736,0.9428747710728085,0.6408964312816863,0.5689659448630717,nan,nan,nan,nan,nan
541,1.0,0.9729747804628106,0.727696576355026,0.646959080710701,0.6836146671806468,nan,nan,nan,nan,nan
542,0.9999999999999999,0.9065988903361762,0.9409723519747182,0.8134003165484962,0.7478235447911041,nan,nan,nan,nan,nan
543,1.0000000000000002,0.9176096903757449,0.9561451617587071,0.9125208914410265,0.5965718047934709,nan,nan,nan,nan,nan
547,1.0000000000000002,0.9300998460438468,0.8070520705758522,0.7742681582477546,0.484676326242096,nan,nan,nan,nan,nan
548,1.0,0.9723418474305078,0.8994251043624362,0.8929243059408248,0.6707456007164224,nan,nan,nan,nan,nan
555,1.0,0.9558118915427531,0.8695404875171779,0.9021359048406006,0.6268503645466379,nan,nan,nan,nan,nan
556,0.9999999999999998,0.9586567176852838,0.934581944293052,0.8972510489361671,0.7348732545335166,nan,nan,nan,nan,nan
557,1.0000000000000002,0.9210778594115074,0.9094318544747468,0.6211152757202174,0.6058502209994708,nan,nan,nan,nan,nan
558,1.0,0.7429154122329801,0.36825719942305546,0.3881125420058461,0.244536804841604,nan,nan,nan,nan,nan
561,0.9999999999999997,0.9222265526956124,0.6985546457753808,0.8768219884544206,0.7235242846600658,nan,nan,nan,nan,nan
564,1.0,0.9455460613049651,0.8692455863535768,0.8286834518244405,0.7957677158136153,nan,nan,nan,nan,nan
566,1.0,0.7944918161675347,0.7944918161675347,0.7210201476223993,0.6607009119923095,nan,nan,nan,nan,nan
570,0.9999999999999999,,,,,nan,nan,nan,nan,nan
573,0.9999999999999998,0.9561754266051519,0.9322848173322331,0.7948730654227658,0.6041398019482097,nan,nan,nan,nan,nan
576,0.9999999999999998,0.8391247246094524,0.862202153130089,0.6439026773015264,0.34570052559273673,nan,nan,nan,nan,nan
577,1.0000000000000002,0.9034983036593198,0.7031840466577812,0.7371574070975895,0.5437616227375668,nan,nan,nan,nan,nan
580,1.0,0.9645149269083768,0.8724192331262737,0.6758312438514458,0.5318871667860168,nan,nan,nan,nan,nan
581,1.0,0.9310155547812892,0.8994054695761893,0.7022207544593733,0.6367153862274132,nan,nan,nan,nan,nan
582,1.0000000000000002,0.7009831908754178,0.6634954829570996,0.6206980248785653,0.4861040555632479,nan,nan,nan,nan,nan
585,0.9999999999999997,0.9647206618986869,0.8701364664787465,0.6837214273499987,0.6009534133504405,nan,nan,nan,nan,nan
587,1.0,0.9733443377259037,0.8469303831584867,0.9259005041551559,0.7162299970242808,nan,nan,nan,nan,nan
590,1.0,0.8484460006582619,0.8434204443570128,0.8752281118577706,0.48041131241475343,nan,nan,nan,nan,nan
591,1.0,0.7671497527572846,0.8320530774423682,0.7819936380411309,0.8223856101822089,nan,nan,nan,nan,nan
595,0.9999999999999996,0.9710534128173471,0.9546730037217344,0.8521152360930888,0.9184456779042811,nan,nan,nan,nan,nan
598,0.9999999999999999,0.9510947271894813,0.8302766873953693,0.5161113834651142,0.5621110698312763,nan,nan,nan,nan,nan
600,0.9999999999999999,,,,,nan,nan,nan,nan,nan
602,1.0,0.9681440950493678,0.9087209483824166,0.7867967630350825,0.6422560428157842,nan,nan,nan,nan,nan
603,0.9999999999999999,0.903885030814832,0.8680163846923314,0.7626020920945391,0.4073264031162285,nan,nan,nan,nan,nan
604,1.0000000000000002,0.930272901957985,0.9686382137628453,0.8773166549317906,0.6666345631032333,nan,nan,nan,nan,nan
607,1.0,0.9569525990209632,0.809421525702578,0.682080782909956,0.6849017244589736,nan,nan,nan,nan,nan
619,1.0,0.930034375552307,0.92593334400015,0.8111578886995847,0.621144004813385,nan,nan,nan,nan,nan
621,1.0,0.8133818062344416,0.6275364111424788,0.46196023655675433,0.44568115558601284,nan,nan,nan,nan,nan
622,1.0,0.9616366386905737,0.8848256849266869,0.5571464043366859,0.33485646532433166,nan,nan,nan,nan,nan
624,0.9999999999999998,0.9469902037904467,0.8994606573647852,0.7861278811949657,0.618423141247396,nan,nan,nan,nan,nan
625,0.9999999999999999,0.8948778889178466,0.8610496559640233,0.8006360148166882,0.48458945289704947,nan,nan,nan,nan,nan
629,1.0,0.9680572727055069,0.7094042068883684,0.6188602812144827,0.5274434037248759,nan,nan,nan,nan,nan
632,1.0,0.8781088549352265,0.6783272862444301,0.5679398752793978,0.3992006800494736,nan,nan,nan,nan,nan
633,0.9999999999999999,0.8342321053227114,0.7290664636536952,0.666324058164445,0.38729498137671914,nan,nan,nan,nan,nan
636,1.0,0.8851519684331697,0.7670500822838505,0.7796565004315181,0.5280352792781622,nan,nan,nan,nan,nan
639,1.0000000000000004,0.9738583278905396,0.885254330093307,0.7475515262271671,0.6265957934352422,nan,nan,nan,nan,nan
643,0.9999999999999999,0.9801595978064768,0.8334392251836553,0.6909637632476706,0.5446695580404055,nan,nan,nan,nan,nan
645,1.0,0.7849658082856661,0.6665586240097792,0.7425616262053669,0.45604008982226096,nan,nan,nan,nan,nan
646,0.9999999999999999,0.7746694375998602,0.7000849319802078,0.585105146773198,0.27787481033782163,nan,nan,nan,nan,nan
648,1.0,0.986077644106629,0.893191204950013,0.831794161993058,0.5958556711889785,nan,nan,nan,nan,nan
649,0.9999999999999998,0.9728374254466399,0.9634022020392259,0.8854873742090676,0.6993982340574553,nan,nan,nan,nan,nan
650,1.0,0.8622690147733788,0.7976973696306775,0.6632388359958612,0.5853506267145281,nan,nan,nan,nan,nan
652,1.0000000000000002,0.9373270996603495,0.8912324899037289,0.5675559976147011,0.5829137711694519,nan,nan,nan,nan,nan
654,0.9999999999999999,0.9857179063009294,0.7162832375338798,0.5626894022267231,0.6335800746641639,nan,nan,nan,nan,nan
655,1.0,0.9547009705067604,0.9354986217161112,0.9036872595853649,0.47408739164994185,nan,nan,nan,nan,nan
656,1.0,,0.7757167957313791,0.7391180969719436,0.49660829887020064,nan,nan,nan,nan,nan
663,1.0,0.8464392481312759,0.8088809165002788,0.853889179950097,0.6611458399521207,nan,nan,nan,nan,nan
666,1.0000000000000002,0.92000118353275,0.898704316042001,0.762497543360614,0.7116513666061919,nan,nan,nan,nan,nan
667,1.0,0.9734521074281899,0.8790093119106701,0.713094706669998,0.5960587724995496,nan,nan,nan,nan,nan
668,1.0,0.9591182359865635,0.9591182359865635,0.4651217732046561,0.537252634255493,nan,nan,nan,nan,nan
670,1.0000000000000002,0.9576991321352514,0.8650378966551124,0.7851459362493307,0.6141137767654101,nan,nan,nan,nan,nan
676,1.0,0.9716981963779658,0.8683326554922896,0.632839512294662,0.5715225518513285,nan,nan,nan,nan,nan
680,1.0000000000000002,0.7739957138582794,0.7508001565669694,0.8474121061006533,0.5241516294583862,nan,nan,nan,nan,nan
683,1.0000000000000004,0.9451614882818777,0.973850810516296,0.8766264515019806,0.7927331469406959,nan,nan,nan,nan,nan
684,0.9999999999999997,0.9648571535238188,0.9648571535238188,0.8504878402075483,0.6898602379733754,nan,nan,nan,nan,nan
693,1.0,0.982556528843213,0.9620543112523058,0.8324694369675529,0.7325039997541125,nan,nan,nan,nan,nan
695,0.9999999999999999,0.9706518685122887,0.890857354573409,0.7892631717707501,0.6106920694778425,nan,nan,nan,nan,nan
699,1.0,0.950688919388226,0.9591134566220851,0.7520516382156136,0.657620137321279,nan,nan,nan,nan,nan
701,1.0000000000000002,0.8793756776908186,0.8321369046893802,0.8913659078789096,0.5684303618258302,nan,nan,nan,nan,nan
703,1.0,0.9692865315885804,0.9761999137551828,0.8479072762673221,0.79733778083636,nan,nan,nan,nan,nan
704,1.0000000000000002,0.8937222423286867,0.8218739196012976,0.8131088769837176,0.6324751600578719,nan,nan,nan,nan,nan
706,0.9999999999999999,0.6728275435141049,0.5374857777208365,0.4784837101034875,0.37463980696275107,nan,nan,nan,nan,nan
707,1.0,0.9236957886460684,0.8731109072269949,0.7381550499926803,0.5916028022089341,nan,nan,nan,nan,nan
713,0.9999999999999998,0.9415267025730665,0.8477875488804768,0.7057878065547827,0.543910965688158,nan,nan,nan,nan,nan
716,1.0,0.8198565340272557,0.6311541799914346,0.5769062906527997,0.4802736327954903,nan,nan,nan,nan,nan
720,0.9999999999999998,0.8772790806077072,0.8224342442252803,0.689212769383919,0.568248104364043,nan,nan,nan,nan,nan
722,1.0,0.9047291989774215,0.7899452632659424,0.6905728668828949,0.5573010096962736,nan,nan,nan,nan,nan
723,0.9999999999999999,0.9002893775113738,0.8938102959029035,0.5831487072014501,0.4053769125537286,nan,nan,nan,nan,nan
725,1.0000000000000004,0.8943868225857939,0.8658164088918139,0.8508599268913561,0.8399864611702779,nan,nan,nan,nan,nan
726,0.9999999999999998,0.9370704324193496,0.8406387601150636,0.6598965586669296,0.6040209510530674,nan,nan,nan,nan,nan
727,0.9999999999999999,0.9638002195671771,0.923203686085094,0.7743437078607153,0.5478945190527701,nan,nan,nan,nan,nan
728,0.9999999999999999,0.968099319108931,0.9209785640668977,0.6650558732929125,0.5291946563104546,nan,nan,nan,nan,nan
732,1.0000000000000002,,,,,nan,nan,nan,nan,nan
733,1.0000000000000004,0.9734322696017754,0.9304845439253572,0.9443832965598448,0.7066269175782163,nan,nan,nan,nan,nan
734,1.0,0.8967685310794563,0.5933768931266015,0.7850164448706347,0.37292897970303696,nan,nan,nan,nan,nan
735,1.0,0.9737966407711682,0.9672106280942556,0.8781026653901902,0.544564959015601,nan,nan,nan,nan,nan
736,0.9999999999999998,0.7404757689645034,0.7789861929357729,0.6417342782735422,0.5232650096423558,nan,nan,nan,nan,nan
741,0.9999999999999999,0.7241886856419032,0.6519903136648186,0.6578492082382009,0.43448880591277167,nan,nan,nan,nan,nan
742,1.0,0.8790881014838519,0.648889481769575,0.810771865355687,0.6111692128660379,nan,nan,nan,nan,nan
745,1.0,0.9804122288728927,0.9712325997971551,0.8961904746919152,0.6167830007543057,nan,nan,nan,nan,nan
747,0.9999999999999998,0.9373136068598193,0.8663583748712393,0.8125910281904243,0.6834681820295454,nan,nan,nan,nan,nan
749,1.0,0.9357799979121573,0.8734701393139646,0.8106337934068046,0.6931938827297298,nan,nan,nan,nan,nan
750,1.0,0.9442261124385751,0.6065226870346062,0.8201681484586376,0.6607626610681805,nan,nan,nan,nan,nan
751,0.9999999999999999,0.9106873351882814,0.9352428083487847,0.7918074397016692,0.600056138964941,nan,nan,nan,nan,nan
754,1.0,0.978995239388148,0.9074884885972392,0.8751074886565477,0.7091453123680252,nan,nan,nan,nan,nan
755,1.0000000000000004,0.948923555318975,0.9184458701447492,0.5746437215635064,0.4853697320799456,nan,nan,nan,nan,nan
756,1.0,0.9696664698743382,0.7331334833128109,0.8870212390773804,0.5615498052458461,nan,nan,nan,nan,nan
757,0.9999999999999998,0.9123376710959393,0.9564810522639506,0.7241201598813609,0.5670904028288166,nan,nan,nan,nan,nan
758,0.9999999999999999,0.6919262712367618,0.8083491655071913,0.7800405405655075,0.6547644363768018,nan,nan,nan,nan,nan
760,1.0,0.9463994550382815,0.830974139366534,0.7316466353124602,0.7943618641725652,nan,nan,nan,nan,nan
763,1.0000000000000002,0.8443333176218908,0.9430616478121665,0.7296797564779667,0.5253606988884305,nan,nan,nan,nan,nan
765,0.9999999999999999,0.9692999648192953,0.8743748254870689,0.8391154575472346,0.6614525103317037,nan,nan,nan,nan,nan
773,1.0,0.9718376011369754,0.89971279612886,0.8313423762303791,0.610051353192008,nan,nan,nan,nan,nan
774,1.0,0.8835736314770923,0.9387041549143811,0.8796069050350963,0.6001286289013974,nan,nan,nan,nan,nan
778,1.0,0.9122219507395657,0.6287155782354394,0.5199624333973164,0.5359152012457324,nan,nan,nan,nan,nan
779,1.0,0.949148776235485,0.8413999572801345,0.7955719770641996,0.523213967937999,nan,nan,nan,nan,nan
784,1.0,0.9529683444722048,0.9177066567070445,0.8836743861359471,0.7824453870640022,nan,nan,nan,nan,nan
786,1.0000000000000002,0.9604354026294862,0.9248975622484255,0.9123006583328345,0.825671778033794,nan,nan,nan,nan,nan
787,1.0,0.9339817716679433,0.7919872798334004,0.6932691992690001,0.7119571482363837,nan,nan,nan,nan,nan
788,1.0000000000000004,0.9565774023729077,0.9310744419561232,0.6963817306607291,0.6768421831841662,nan,nan,nan,nan,nan
790,1.0,0.9445003592081685,0.922366834718669,0.8543042850377356,0.7567638072911607,nan,nan,nan,nan,nan
791,0.9999999999999998,0.7437948984478238,0.7001100180308932,0.40192848749052756,0.2990316737891967,nan,nan,nan,nan,nan
801,1.0,0.5789586443848717,0.3782104964254468,0.3136893638680639,0.19929788103817947,nan,nan,nan,nan,nan
802,1.0,0.9604603443954522,0.5529201651048741,0.614911673370234,0.47922666521288726,nan,nan,nan,nan,nan
803,1.0000000000000004,0.9301336731755421,0.7284974145944557,0.8746340579352107,0.6214380035661802,nan,nan,nan,nan,nan
805,0.9999999999999999,0.9555310282785126,0.9218772190992464,0.8339797494895387,0.7123515739604829,nan,nan,nan,nan,nan
807,0.9999999999999998,0.9466545595255473,0.9317599767522227,0.8474225690840786,0.8213572992894166,nan,nan,nan,nan,nan
808,1.0000000000000004,0.9158000597869281,0.803747816886639,0.7274920663519174,0.46845042826087624,nan,nan,nan,nan,nan
809,1.0000000000000002,0.951414479071467,0.8189798740298477,0.7520217111783636,0.6314158845782635,nan,nan,nan,nan,nan
810,0.9999999999999998,0.9439069600154341,0.9146063360990817,0.8274538486755054,0.7816531982169406,nan,nan,nan,nan,nan
811,0.9999999999999998,0.8680181525353697,0.8463241817859506,0.9493593606677855,0.5593721054400338,nan,nan,nan,nan,nan
825,0.9999999999999998,0.8579003095720696,0.654875490469456,0.607063390650406,0.6565639753419376,nan,nan,nan,nan,nan
826,1.0,0.9199741464561229,0.9714832320546932,0.7482643464230702,0.6712218487220818,nan,nan,nan,nan,nan
832,1.0,0.5871210745141301,0.5649022927156645,0.5093059513148364,0.3612100929964771,nan,nan,nan,nan,nan
833,1.0,0.8226925691699977,0.778818833826803,0.7940647866417059,0.60186857446476,nan,nan,nan,nan,nan
834,0.9999999999999999,,,,,nan,nan,nan,nan,nan
835,1.0000000000000002,0.8900414387422235,0.8111821980605177,0.5950165377758756,0.5713424659780191,nan,nan,nan,nan,nan
838,0.9999999999999997,0.9611845537862356,0.9386882417240054,0.8780342527533262,0.8325519784998578,nan,nan,nan,nan,nan
839,1.0,0.9644521078279309,0.8548950635301491,0.9491142025077353,0.7047171830247407,nan,nan,nan,nan,nan
841,0.9999999999999999,0.8643001209238341,0.5791261603289615,0.5720595018540962,0.3975616780695035,nan,nan,nan,nan,nan
842,1.0,0.9314179251509763,0.9124729085909828,0.8818892139355775,0.7380622535340342,nan,nan,nan,nan,nan
846,1.0000000000000002,0.9818105657441383,0.9251679083337625,0.847688520836485,0.4733683982981519,nan,nan,nan,nan,nan
847,1.0,0.5303142698714074,0.5933748836421987,0.45481260731616746,0.436934217557098,nan,nan,nan,nan,nan
848,1.0,,,,,nan,nan,nan,nan,nan
850,1.0,0.9344999687192324,0.8271544553211345,0.6775240887983569,0.474830611252419,nan,nan,nan,nan,nan
851,0.9999999999999998,0.9643184108722118,0.798393781607353,0.639821752309212,0.5341062983796754,nan,nan,nan,nan,nan
852,0.9999999999999998,0.8165197203154875,0.9255052056576882,0.7636445598046009,0.6110819133604949,nan,nan,nan,nan,nan
853,0.9999999999999996,0.8270946832701253,0.7526099454660296,0.4903575553549525,0.42688060937705824,nan,nan,nan,nan,nan
857,1.0,0.9563130606841508,0.8845674154483083,0.7670371449419904,0.5695057944016712,nan,nan,nan,nan,nan
865,0.9999999999999998,0.9722221525807179,0.9550450860702135,0.8572081568176012,0.730235729207195,nan,nan,nan,nan,nan
866,1.0000000000000002,0.9542578482580063,0.8704748940992459,0.8280374355083879,0.6715124973973997,nan,nan,nan,nan,nan
868,0.9999999999999999,0.8978342211575172,0.8965797111469209,0.43617847082638633,0.5359177228667465,nan,nan,nan,nan,nan
870,0.9999999999999998,0.915419698630205,0.9642960297956307,0.9083988332759025,0.617685544296488,nan,nan,nan,nan,nan
873,0.9999999999999999,0.9752095610075436,0.9134622870524259,0.774120888462767,0.596446289466539,nan,nan,nan,nan,nan
875,1.0,0.814690382114438,0.9531604307648396,0.8448908938397865,0.5934075185177634,nan,nan,nan,nan,nan
876,0.9999999999999997,0.9448202800391234,0.9205984626571919,0.7929613996470002,0.7224773662113094,nan,nan,nan,nan,nan
880,1.0000000000000002,0.9410686588186801,0.9219360472785483,0.9025147002899339,0.7268965952977681,nan,nan,nan,nan,nan
881,1.0,0.918917065884052,0.9480744796168277,0.8636248106540729,0.5815646525084842,nan,nan,nan,nan,nan
882,0.9999999999999998,0.8555161119030652,0.8368171352782312,0.7468373480631281,0.49294569340608346,nan,nan,nan,nan,nan
883,1.0000000000000002,0.71648294770849,0.7204493330568711,0.7161235461198419,0.49851274086314623,nan,nan,nan,nan,nan
890,0.9999999999999999,0.9731083843183658,0.9603266848544012,0.8556241176920973,0.8498976075212687,nan,nan,nan,nan,nan
891,1.0,0.9532606610543204,0.8855330967353113,0.8284855710641856,0.6648568706965257,nan,nan,nan,nan,nan
893,1.0,0.9706077345500999,0.8512245886033355,0.7767438445979442,0.9140819508903765,nan,nan,nan,nan,nan
899,1.0000000000000002,0.9811784547887797,0.9637226301829893,0.9054042887285592,0.6782224050243484,nan,nan,nan,nan,nan
901,1.0000000000000004,0.973331268107389,0.8044548013706161,0.745648267318588,0.7883252247705987,nan,nan,nan,nan,nan
902,0.9999999999999998,0.8900398058913299,0.5911608510367548,0.5524115990189583,0.46767526207324783,nan,nan,nan,nan,nan
909,1.0000000000000002,0.9373926100169849,0.8927786083149931,0.6663449817776639,0.81066690286965,nan,nan,nan,nan,nan
910,0.9999999999999997,0.8693297707875032,0.9514521111048151,0.9514521111048151,0.5434367433304359,nan,nan,nan,nan,nan
911,1.0,0.9642275862011181,0.9445409930962614,0.7692985628380196,0.5769685326943859,nan,nan,nan,nan,nan
918,1.0000000000000004,0.8482933466876479,0.830191992846184,0.7652260653990055,0.6877084468995573,nan,nan,nan,nan,nan
919,1.0,0.9728481078706598,0.9038592783569438,0.8008380222443352,0.5826581159154027,nan,nan,nan,nan,nan
922,1.0000000000000004,0.8496430211734909,0.3285024590232457,0.6830835371369111,0.30198145415317057,nan,nan,nan,nan,nan
925,1.0000000000000002,0.9664685173269609,0.5750082186247742,0.5957200994799083,0.5873220966530197,nan,nan,nan,nan,nan
926,1.0,0.687410365846874,0.5630515497806545,0.5368232966574757,0.5252776769030351,nan,nan,nan,nan,nan
932,1.0000000000000004,0.8527402090378612,0.8005514062828853,0.6693113126884157,0.44963598351087886,nan,nan,nan,nan,nan
934,1.0,0.9671191577057028,0.903393020049482,0.832081268300328,,nan,nan,nan,nan,nan
942,1.0,,,,0.6388255353367625,nan,nan,nan,nan,nan
943,0.9999999999999998,0.7463939728956932,0.6791773256329396,0.48815306863457686,0.4600254042636982,nan,nan,nan,nan,nan
944,1.0000000000000002,0.9765221188889603,0.921008061664977,0.7743197811581257,0.5489026984885516,nan,nan,nan,nan,nan
945,1.0000000000000002,0.8803915624010714,0.8654820856693117,0.873318672800881,0.6148212338540021,nan,nan,nan,nan,nan
946,0.9999999999999999,0.97404860616656,0.9631827529251807,0.8456576228370214,0.43993205092485754,nan,nan,nan,nan,nan
947,1.0,0.9486755652006651,0.874329154851899,0.8643105264167996,0.6078203734406302,nan,nan,nan,nan,nan
950,1.0000000000000004,0.938113871363139,0.9064615552893838,0.6499722737387533,0.6076505150167395,nan,nan,nan,nan,nan
951,0.9999999999999999,,0.7803996672090026,0.6617544281795777,0.6863842864329595,nan,nan,nan,nan,nan
952,1.0,0.9522547991273448,0.870302801604609,0.8858026493359914,0.5658785931989398,nan,nan,nan,nan,nan
953,0.9999999999999996,0.9601223146321678,0.7325412754946858,0.773226731226512,0.7769254254030142,nan,nan,nan,nan,nan
957,1.0,0.7404865508595908,0.45131136209400735,0.13920187941972947,0.08744746643120438,nan,nan,nan,nan,nan
959,1.0,0.9722524275286559,0.9621038402004882,0.8772168315137701,0.6502096347042345,nan,nan,nan,nan,nan
962,1.0,0.9430262944824658,0.8591475305883873,0.7328609081157884,0.7027925984002719,nan,nan,nan,nan,nan
964,1.0000000000000002,0.9658644912330385,0.8996421152638339,0.9476292524592911,0.6908095179534954,nan,nan,nan,nan,nan
965,0.9999999999999998,0.9391286368838793,0.8283278663833371,0.800596627991704,0.6002110104979788,nan,nan,nan,nan,nan
966,1.0,0.9744662880177717,0.9614109607997952,0.7587244963733945,0.6023269240569009,nan,nan,nan,nan,nan
967,1.0,0.9669950880104345,0.8529332854987561,0.8502463858462382,0.6143682456014161,nan,nan,nan,nan,nan
968,0.9999999999999998,,,,,nan,nan,nan,nan,nan
969,0.9999999999999999,0.945708716097427,0.9191888890119384,0.8690640432731271,0.7527935445917102,nan,nan,nan,nan,nan
972,1.0,0.8615381937895619,0.717557460191083,0.4618923143485995,0.36967033870615795,nan,nan,nan,nan,nan
973,1.0000000000000002,0.9016221927752193,0.8552590735197363,0.8372868046659233,0.5862947069098357,nan,nan,nan,nan,nan
974,1.0000000000000002,0.6289990299750514,0.3452765041677106,0.5300247875957929,0.4248809145421659,nan,nan,nan,nan,nan
985,1.0,0.9488939476434719,0.8554846853082372,0.8262231207603521,0.7069924678217694,nan,nan,nan,nan,nan
988,1.0,0.9301685880639813,0.9477241965715986,0.6768284894510193,0.561872760267655,nan,nan,nan,nan,nan
989,0.9999999999999998,0.8890458575803238,0.9295261017411074,0.5955350223423939,0.5386878806292186,nan,nan,nan,nan,nan
990,0.9999999999999999,0.9641134576924997,0.9629067034062673,0.7415649570136309,0.5465317769087528,nan,nan,nan,nan,nan
991,1.0,0.9445586426149083,0.9167537668919932,0.636887100312945,0.6300696079838211,nan,nan,nan,nan,nan
992,1.0000000000000002,0.6401725863303696,0.6525739624934299,0.5934615242788628,0.5808446414735384,nan,nan,nan,nan,nan
994,1.0000000000000004,0.9660181305238829,0.6260081891529237,0.6297466482860468,0.5297545501624581,nan,nan,nan,nan,nan
995,1.0000000000000002,0.9472874056260099,0.8928313157571001,0.647400132436589,0.7641913517478632,nan,nan,nan,nan,nan
996,1.0,0.9670080974741776,0.7076886881740342,0.777041114265004,0.5954825476439185,nan,nan,nan,nan,nan
999,1.0,0.8274052791695545,0.862604169684869,0.932663534248672,0.5360967410768895,nan,nan,nan,nan,nan
